Rank,Numbers,Combination id,Odd:Even,Low:High,Sum,Repeats
1,1 5 42 44 45 48,626244,3:3,2:4,185,1
2,1 9 40 42 45 48,1054128,3:3,2:4,185,1
3,1 14 33 44 45 48,1385835,3:3,2:4,185,1
4,1 14 37 40 45 48,1387086,3:3,2:4,185,2
5,1 15 34 42 45 48,1432641,3:3,2:4,185,1
6,1 15 36 40 45 48,1433242,3:3,2:4,185,1
7,1 15 37 40 44 48,1433458,3:3,2:4,185,2
8,1 17 33 42 44 48,1509062,3:3,2:4,185,1
9,1 17 34 40 45 48,1509472,3:3,2:4,185,1
10,1 17 36 42 44 45,1510164,3:3,2:4,185,1
11,1 17 37 40 42 48,1510327,3:3,2:4,185,2
12,1 18 29 44 45 48,1537531,3:3,2:4,185,1
13,1 18 31 42 45 48,1539291,3:3,2:4,185,1
14,1 18 33 40 45 48,1540482,3:3,2:4,185,1
15,1 18 36 37 45 48,1541451,3:3,2:4,185,2
16,1 18 37 40 44 45,1541800,3:3,2:4,185,2
17,1 21 26 44 45 48,1605152,3:3,2:4,185,1
18,1 21 28 42 45 48,1607997,3:3,2:4,185,2
19,1 21 29 42 44 48,1609133,3:3,2:4,185,1
20,1 21 31 40 44 48,1610869,3:3,2:4,185,1
21,1 21 33 40 42 48,1612098,3:3,2:4,185,1
22,1 21 34 36 45 48,1612366,3:3,2:4,185,1
23,1 21 34 37 44 48,1612428,3:3,2:4,185,2
24,1 21 34 40 44 45,1612561,3:3,2:4,185,1
25,1 21 36 37 42 48,1613067,3:3,2:4,185,2
26,1 21 36 40 42 45,1613200,3:3,2:4,185,1
27,1 21 37 40 42 44,1613419,3:3,2:4,185,2
28,1 22 25 44 45 48,1620931,3:3,3:3,185,1
29,1 22 29 40 45 48,1626638,3:3,2:4,185,1
30,1 22 31 42 44 45,1628465,3:3,2:4,185,1
31,1 22 33 36 45 48,1629461,3:3,2:4,185,1
32,1 22 33 37 44 48,1629523,3:3,2:4,185,2
33,1 22 33 40 44 45,1629656,3:3,2:4,185,1
34,1 22 36 37 44 45,1630625,3:3,2:4,185,2
35,1 25 26 40 45 48,1660854,3:3,2:4,185,1
36,1 25 28 42 44 45,1663766,3:3,2:4,185,2
37,1 25 29 40 42 48,1664849,3:3,2:4,185,1
38,1 25 31 36 44 48,1666443,3:3,2:4,185,1
39,1 25 33 34 44 48,1667514,3:3,2:4,185,1
40,1 25 33 36 42 48,1667672,3:3,2:4,185,1
41,1 25 33 40 42 44,1667870,3:3,2:4,185,1
42,1 25 34 36 44 45,1668135,3:3,2:4,185,1
43,1 25 34 37 40 48,1668178,3:3,2:4,185,2
44,1 25 36 37 42 44,1668839,3:3,2:4,185,2
45,3 5 40 44 45 48,3530846,3:3,2:4,185,0
46,3 8 37 44 45 48,3867087,3:3,2:4,185,1
47,3 9 36 44 45 48,3958257,3:3,2:4,185,0
48,3 14 31 44 45 48,4289288,3:3,2:4,185,0
49,3 14 33 42 45 48,4290503,3:3,2:4,185,0
50,3 14 37 42 44 45,4291821,3:3,2:4,185,1
51,3 15 33 42 44 48,4336875,3:3,2:4,185,0
52,3 15 34 40 45 48,4337285,3:3,2:4,185,0
53,3 15 36 42 44 45,4337977,3:3,2:4,185,0
54,3 15 37 40 42 48,4338140,3:3,2:4,185,1
55,3 17 28 44 45 48,4409619,3:3,2:4,185,1
56,3 17 31 42 44 48,4412515,3:3,2:4,185,0
57,3 17 33 40 44 48,4413706,3:3,2:4,185,0
58,3 17 34 42 44 45,4414207,3:3,2:4,185,0
59,3 17 36 37 44 48,4414675,3:3,2:4,185,1
60,3 17 36 40 44 45,4414808,3:3,2:4,185,0
61,3 18 29 42 45 48,4442199,3:3,2:4,185,0
62,3 18 31 40 45 48,4443935,3:3,2:4,185,0
63,3 18 33 42 44 45,4445217,3:3,2:4,185,0
64,3 18 34 37 45 48,4445494,3:3,2:4,185,1
65,3 18 37 40 42 45,4446482,3:3,2:4,185,1
66,3 21 26 42 45 48,4509820,3:3,2:4,185,0
67,3 21 28 40 45 48,4512641,3:3,2:4,185,1
68,3 21 29 40 44 48,4513777,3:3,2:4,185,0
69,3 21 31 40 42 48,4515551,3:3,2:4,185,0
70,3 21 33 36 44 48,4516600,3:3,2:4,185,0
71,3 21 34 37 42 48,4517110,3:3,2:4,185,1
72,3 21 34 40 42 45,4517243,3:3,2:4,185,0
73,3 21 36 37 40 48,4517745,3:3,2:4,185,1
74,3 22 25 42 45 48,4525599,3:3,3:3,185,0
75,3 22 29 42 44 45,4531373,3:3,2:4,185,0
76,3 22 31 36 45 48,4532914,3:3,2:4,185,0
77,3 22 31 37 44 48,4532976,3:3,2:4,185,1
78,3 22 31 40 44 45,4533109,3:3,2:4,185,0
79,3 22 33 34 45 48,4533985,3:3,2:4,185,0
80,3 22 33 37 42 48,4534205,3:3,2:4,185,1
81,3 22 33 40 42 45,4534338,3:3,2:4,185,0
82,3 22 34 37 44 45,4534668,3:3,2:4,185,1
83,3 22 36 37 42 45,4535307,3:3,2:4,185,1
84,3 25 26 42 44 45,4565589,3:3,2:4,185,0
85,3 25 28 36 45 48,4568215,3:3,2:4,185,1
86,3 25 28 37 44 48,4568277,3:3,2:4,185,2
87,3 25 28 40 44 45,4568410,3:3,2:4,185,1
88,3 25 29 36 44 48,4569351,3:3,2:4,185,0
89,3 25 31 34 44 48,4570967,3:3,2:4,185,0
90,3 25 31 36 42 48,4571125,3:3,2:4,185,0
91,3 25 31 40 42 44,4571323,3:3,2:4,185,0
92,3 25 33 34 42 48,4572196,3:3,2:4,185,0
93,3 25 33 36 40 48,4572350,3:3,2:4,185,0
94,3 25 34 36 42 45,4572817,3:3,2:4,185,0
95,3 25 34 37 42 44,4572882,3:3,2:4,185,1
96,3 25 36 37 40 44,4573517,3:3,2:4,185,1
97,4 9 37 42 45 48,5180211,3:3,2:4,185,2
98,4 15 29 44 45 48,5555638,3:3,2:4,185,1
99,4 15 31 42 45 48,5557398,3:3,2:4,185,1
100,4 15 33 40 45 48,5558589,3:3,2:4,185,1
101,4 15 36 37 45 48,5559558,3:3,2:4,185,2
102,4 15 37 40 44 45,5559907,3:3,2:4,185,2
103,4 17 29 42 45 48,5632493,3:3,2:4,185,1
104,4 17 31 40 45 48,5634229,3:3,2:4,185,1
105,4 17 33 42 44 45,5635511,3:3,2:4,185,1
106,4 17 34 37 45 48,5635788,3:3,2:4,185,2
107,4 17 37 40 42 45,5636776,3:3,2:4,185,2
108,4 18 33 37 45 48,5666798,3:3,2:4,185,2
109,4 21 25 42 45 48,5729808,3:3,3:3,185,1
110,4 21 29 42 44 45,5735582,3:3,2:4,185,1
111,4 21 31 36 45 48,5737123,3:3,2:4,185,1
112,4 21 31 37 44 48,5737185,3:3,2:4,185,2
113,4 21 31 40 44 45,5737318,3:3,2:4,185,1
114,4 21 33 34 45 48,5738194,3:3,2:4,185,1
115,4 21 33 37 42 48,5738414,3:3,2:4,185,2
116,4 21 33 40 42 45,5738547,3:3,2:4,185,1
117,4 21 34 37 44 45,5738877,3:3,2:4,185,2
118,4 21 36 37 42 45,5739516,3:3,2:4,185,2
119,4 22 29 37 45 48,5752954,3:3,2:4,185,2
120,4 22 33 37 44 45,5755972,3:3,2:4,185,2
121,4 25 26 37 45 48,5787170,3:3,2:4,185,2
122,4 25 29 34 45 48,5790945,3:3,2:4,185,1
123,4 25 29 37 42 48,5791165,3:3,2:4,185,2
124,4 25 29 40 42 45,5791298,3:3,2:4,185,1
125,4 25 31 33 44 48,5792621,3:3,2:4,185,1
126,4 25 31 36 44 45,5792892,3:3,2:4,185,1
127,4 25 31 37 40 48,5792935,3:3,2:4,185,2
128,4 25 33 34 44 45,5793963,3:3,2:4,185,1
129,4 25 33 36 42 45,5794121,3:3,2:4,185,1
130,4 25 33 37 42 44,5794186,3:3,2:4,185,2
131,4 25 34 37 40 45,5794627,3:3,2:4,185,2
132,5 8 37 42 45 48,6174829,3:3,2:4,185,1
133,5 9 34 44 45 48,6265374,3:3,2:4,185,0
134,5 9 36 42 45 48,6265999,3:3,2:4,185,0
135,5 9 37 42 44 48,6266215,3:3,2:4,185,1
136,5 9 40 42 44 45,6266581,3:3,2:4,185,0
137,5 14 29 44 45 48,6595270,3:3,2:4,185,0
138,5 14 31 42 45 48,6597030,3:3,2:4,185,0
139,5 14 33 40 45 48,6598221,3:3,2:4,185,0
140,5 14 36 37 45 48,6599190,3:3,2:4,185,1
141,5 14 37 40 44 45,6599539,3:3,2:4,185,1
142,5 15 28 44 45 48,6640506,3:3,2:4,185,1
143,5 15 31 42 44 48,6643402,3:3,2:4,185,0
144,5 15 33 40 44 48,6644593,3:3,2:4,185,0
145,5 15 34 42 44 45,6645094,3:3,2:4,185,0
146,5 15 36 37 44 48,6645562,3:3,2:4,185,1
147,5 15 36 40 44 45,6645695,3:3,2:4,185,0
148,5 17 26 44 45 48,6714516,3:3,2:4,185,0
149,5 17 28 42 45 48,6717361,3:3,2:4,185,1
150,5 17 29 42 44 48,6718497,3:3,2:4,185,0
151,5 17 31 40 44 48,6720233,3:3,2:4,185,0
152,5 17 33 40 42 48,6721462,3:3,2:4,185,0
153,5 17 34 36 45 48,6721730,3:3,2:4,185,0
154,5 17 34 37 44 48,6721792,3:3,2:4,185,1
155,5 17 34 40 44 45,6721925,3:3,2:4,185,0
156,5 17 36 37 42 48,6722431,3:3,2:4,185,1
157,5 17 36 40 42 45,6722564,3:3,2:4,185,0
158,5 17 37 40 42 44,6722783,3:3,2:4,185,1
159,5 18 25 44 45 48,6744210,3:3,3:3,185,0
160,5 18 29 40 45 48,6749917,3:3,2:4,185,0
161,5 18 31 42 44 45,6751744,3:3,2:4,185,0
162,5 18 33 36 45 48,6752740,3:3,2:4,185,0
163,5 18 33 37 44 48,6752802,3:3,2:4,185,1
164,5 18 33 40 44 45,6752935,3:3,2:4,185,0
165,5 18 36 37 44 45,6753904,3:3,2:4,185,1
166,5 21 22 44 45 48,6808917,3:3,3:3,185,0
167,5 21 25 42 44 48,6815812,3:3,3:3,185,0
168,5 21 26 40 45 48,6817538,3:3,2:4,185,0
169,5 21 28 42 44 45,6820450,3:3,2:4,185,1
170,5 21 29 40 42 48,6821533,3:3,2:4,185,0
171,5 21 31 36 44 48,6823127,3:3,2:4,185,0
172,5 21 33 34 44 48,6824198,3:3,2:4,185,0
173,5 21 33 36 42 48,6824356,3:3,2:4,185,0
174,5 21 33 40 42 44,6824554,3:3,2:4,185,0
175,5 21 34 36 44 45,6824819,3:3,2:4,185,0
176,5 21 34 37 40 48,6824862,3:3,2:4,185,1
177,5 21 36 37 42 44,6825523,3:3,2:4,185,1
178,5 22 25 40 45 48,6833317,3:3,3:3,185,0
179,5 22 28 37 45 48,6837822,3:3,2:4,185,2
180,5 22 29 36 45 48,6838896,3:3,2:4,185,0
181,5 22 29 37 44 48,6838958,3:3,2:4,185,1
182,5 22 29 40 44 45,6839091,3:3,2:4,185,0
183,5 22 31 34 45 48,6840512,3:3,2:4,185,0
184,5 22 31 37 42 48,6840732,3:3,2:4,185,1
185,5 22 31 40 42 45,6840865,3:3,2:4,185,0
186,5 22 33 36 44 45,6841914,3:3,2:4,185,0
187,5 22 33 37 40 48,6841957,3:3,2:4,185,1
188,5 22 34 37 42 45,6842424,3:3,2:4,185,1
189,5 22 36 37 40 45,6843059,3:3,2:4,185,1
190,5 25 26 36 45 48,6873112,3:3,2:4,185,0
191,5 25 26 37 44 48,6873174,3:3,2:4,185,1
192,5 25 26 40 44 45,6873307,3:3,2:4,185,0
193,5 25 28 34 45 48,6875813,3:3,2:4,185,1
194,5 25 28 37 42 48,6876033,3:3,2:4,185,2
195,5 25 28 40 42 45,6876166,3:3,2:4,185,1
196,5 25 29 34 44 48,6876949,3:3,2:4,185,0
197,5 25 29 36 42 48,6877107,3:3,2:4,185,0
198,5 25 29 40 42 44,6877305,3:3,2:4,185,0
199,5 25 31 34 42 48,6878723,3:3,2:4,185,0
200,5 25 31 36 40 48,6878877,3:3,2:4,185,0
